Re,log10Re,CD_clean,CD_noisy
1.0,0.0,24.200000000000003,23.601581583039554
1.0233323289164382,0.010016694490818033,23.652791748905805,23.435312222025875
1.0472090554055413,0.02003338898163608,23.11806003406434,23.86241837181116
1.0716428815305359,0.03005008347245407,22.59552038615967,22.70509420970728
1.096646805723366,0.04006677796327213,22.084894821874048,22.592974887633666
1.122234129699665,0.05008347245409017,21.585911696004956,21.897344482942675
1.1484184655350702,0.06010016694490816,21.098305556953882,20.762597944778182
1.1752137429066458,0.07011686143572622,20.62181700551001,20.90121799338578
1.2026342165032622,0.08013355592654428,20.15619255685372,19.996658584945667
1.2306944736088792,0.09015025041736227,19.701184505706433,19.54239831920445
1.2594094418627644,0.10016694490818032,19.25655079455506,19.30332847974377
1.2887943972007743,0.11018363939899836,18.82205488488105,18.10402623833084
1.3188649719819254,0.12020033388981638,18.397465631325392,18.945786504501427
1.3496371633045767,0.1302170283806344,17.98255715872271,17.680859447661533
1.3811273415166476,0.1402337228714524,17.577108741939078,18.016654850953845
1.4133522589244,0.15025041736227046,17.180904688449484,17.23945769434805
1.446329058704415,0.16026711185308848,16.79373422359266,17.436948132618618
1.480075284023509,0.17028380634390652,16.415391378442077,16.144549972812236
1.514608887371436,0.18030050083472451,16.04567488023353,15.920600907827396
1.549948240111347,0.19031719532554253,15.684388045291037,15.816830596557729
1.5861121422530795,0.2003338898163606,15.331338674394052,14.485251498883109
1.6231198324544849,0.21035058430717865,14.986338950530337,15.29652673422061
1.6609909982561069,0.22036727879799664,14.6492053389801,15.213796844195995
1.6997457865546615,0.2303839732888147,14.319758489678257,14.723148518280357
1.7394048143208847,0.2404006677796327,13.997823141802872,14.26195144164998
1.7799891795674558,0.25041736227045075,13.683228030538997,13.633291810566165
1.8215204725728247,0.2604340567612688,13.375805795968352,13.804467676932603
1.8640207873669197,0.2704507512520868,13.075392894036328,13.426477203099063
1.9075127334848427,0.28046744574290483,12.781829509548984,12.90728982698103
1.9520194479948054,0.2904841402337229,12.49495947115375,12.496557049441774
1.9975646078067044,0.3005008347245409,12.21463016825858,12.104158954494245
2.044172442267886,0.31051752921535886,11.940692469845402,11.57344686202405
2.0918677460527992,0.32053422370617696,11.673000645134614,12.030845028289221
2.1406758923533915,0.330550918196995,11.411412286058503,10.791760078699065
2.1906228463772703,0.34056761268781294,11.155788231502253,11.052556096382727
2.241735179160809,0.35058430717863104,10.905992493272308,10.950810688420196
2.29404008170454,0.3606010016694491,10.661892183752677,10.89109119578214
2.347565379438363,0.3706176961602671,10.423357445210709,10.882418064349071
2.402339547024262,0.3806343906510851,10.190261380714686,10.443317103530372
2.4583917235043993,0.3906510851419032,9.962479986626573,9.889873077297109
2.515751727802653,0.4006677796327212,9.739892086633908,9.917189182612521
2.5744500745878423,0.4106844741235392,9.522379267285816,9.222043349749882
2.634517990507075,0.42070116861435725,9.309825814998808,9.642637780239506
2.6959874307978597,0.4307178631051753,9.102118654498883,9.06651223017142
2.758891096287819,0.44073455759599334,8.899147288667162,8.749250240846612
2.8232624507910384,0.4507512520868113,8.700803739757069,8.561795326962818
2.8891357389103245,0.4607679465776294,8.506982491951762,8.493932498458026
2.9565460042548173,0.4707846410684474,8.317580435231307,8.235904930550767
3.0255291080826714,0.4808013355592654,8.13249681051967,8.598063944092498
3.0961217483787142,0.49081803005008345,7.951633156082395,7.808865330393378
3.1683614793772246,0.5008347245409015,7.774893255146416,7.781231298204832
3.242286731540226,0.5108514190317195,7.602183084714176,7.607514095757905
3.317936832001927,0.5208681135225376,7.433410765544786,7.438664723083245
3.39535202549016,0.5308848080133556,7.268486513275641,7.278543529554863
3.4745734957359913,0.5409015025041736,7.107322590658461,7.021757026137574
3.5556433873828426,0.5509181969949917,6.949833260884399,6.848468639600025
3.638604828406817,0.5609348914858097,6.795934741973325,6.64945507924374
3.7235019530601448,0.5709515859766277,6.645545162203057,6.398301872162869
3.810379925349945,0.5809682804674458,6.498584516554823,6.533726722466536
3.8992849630648028,0.5909849749582637,6.354974624151795,6.51136679238398
3.9902643623619527,0.6010016694490818,6.214639086668002,6.130262288415837
4.083366522928123,0.6110183639398998,6.077503247685581,5.992628629835715
4.178640973727454,0.6210350584307178,5.943494152978656,5.896468806838723
4.276138399350169,0.6310517529215359,5.812540511702784,5.745603332771499
4.375910666976019,0.6410684474123539,5.68457265846929,5.480458164831946
4.478010853966853,0.6510851419031719,5.559522516284304,5.7492562373160485
4.582493276102989,0.66110183639399,5.437323560332821,5.496998171122813
4.68941351647839,0.671118530884808,5.317910782588498,5.223292516112223
4.798828455070055,0.681135225375626,5.201220657230333,5.239862054851998
4.910796298997313,0.6911519198664441,5.087191106847885,5.031428208398297
5.025376613487145,0.7011686143572621,4.975761469417016,4.949435034755215
5.142630353562005,0.7111853088480802,4.866872466028586,4.911156604792152
5.262619896466972,0.7212020033388982,4.760466169352977,4.873880049968962
5.385409074853531,0.7312186978297162,4.656485972823589,4.833377042653064
5.511063210737586,0.7412353923205343,4.554876560523002,4.748903990779794
5.639649150249796,0.7512520868113522,4.455583877755742,4.427863606639031
5.771235299196735,0.7612687813021702,4.3585551022919615,4.304100557998257
5.905891659451753,0.7712854757929883,4.263738616266822,4.274355059142537
6.04368986619493,0.7813021702838063,4.171083978720548,4.18446723663438
6.1847032260219335,0.7913188647746243,4.0805418987645865,4.005641318886799
6.329006755942035,0.8013355592654424,3.99206420935959,3.9301397795857382
6.476677223286034,0.8113522537562604,3.90560384169127,3.9850119658618257
6.627793186545347,0.8213689482470784,3.8211148001304833,3.977952553942335
6.7824350371639515,0.8313856427378965,3.738552137764244,3.7173825069914095
6.940685042305435,0.8414023372287145,3.6578719324846376,3.598617588521479
7.102627388617909,0.8514190317195326,3.5790312636229067,3.5536764034299435
7.268348227020044,0.8614357262103506,3.501988189116301,3.4148647323854426
7.437935718532086,0.8714524207011686,3.4267017231955186,3.4033254691018078
7.611480081176202,0.8814691151919867,3.3531318145808866,3.3885445868468573
7.789073637971122,0.8914858096828047,3.281239325175683,3.274566682065852
7.970810866046621,0.9015025041736227,3.210986009245243,3.3100912940325538
8.156788446903942,0.9115191986644408,3.1423344930707993,3.1541880097767456
8.347105317848907,0.9215358931552587,3.0752482550672267,3.11223730474006
8.541862724625108,0.9315525876460767,3.0096916063540915,2.9984987489372217
8.741164275275125,0.9415692821368948,2.9456296717697072,3.0425162703540582
8.945115995258464,0.9515859766277128,2.8830283713180624,2.7949269450501273
9.153826383855526,0.9616026711185308,2.821854402038771,2.8004371380375943
9.367406471887614,0.9716193656093489,2.7620752202903924,2.6810298101046
9.585969880783667,0.9816360601001669,2.703659024437703,2.7595080700348515
9.809632883025182,0.991652754590985,2.64657473793369,2.7028357752041456
10.038514464001434,1.001669449081803,2.5907919927873015,2.5573858290343527
10.272736385307937,1.011686143572621,2.5362811134081182,2.641417150735708
10.512423249521802,1.021702838063439,2.483013100819388,2.464560427835492
10.757702566488462,1.0317195325542572,2.430959617230995,2.3468862693810997
11.008704821154982,1.0417362270450752,2.3800929709641827,2.3633606493300814
11.265563542986147,1.0517529215358932,2.330386101719992,2.3513607715375127
11.528415377000135,1.0617696160267112,2.2818125661835795,2.268441600056738
11.797400156461624,1.0717863105175292,2.2343465239567735,2.3608954758884177
12.072660977271026,1.0818030050083471,2.187962723811364,2.234751576470173
12.354344274089367,1.0918196994991654,2.1426364902558253,2.2353740527617543
12.642599898239334,1.1018363939899833,2.0983437104083236,2.171045310479732
12.937581197423981,1.1118530884808013,2.055060821169019,1.968451070032953
13.239445097305403,1.1218697829716193,2.0127647966848494,1.9937563160563412
13.548352184986856,1.1318864774624373,1.9714331361001178,1.8369574587382174
13.864466794442713,1.1419031719532553,1.9310438515863741,1.8998383405224082
14.18795709394169,1.1519198664440735,1.8915754566452156,1.9443080526912433
14.51899517550985,1.1619365609348915,1.8530069546777914,1.8139450540518605
14.857757146481024,1.1719532554257095,1.8153178278149216,1.7864230310098306
15.204423223183278,1.1819699499165275,1.7784880260018978,1.7929886687972911
15.559177826811322,1.1919866444073455,1.742497956332152,1.7767953911899208
15.922209681535842,1.2020033388981637,1.7073284726241225,1.6921198729764797
16.29371191490193,1.2120200333889817,1.6729608652357701,1.6622617712767154
16.67388216057011,1.2220367278797997,1.6393768511113254,1.6725324980127119
17.06292266345446,1.2320534223706177,1.6065585640549764,1.6167625679535034
17.461040387313925,1.2420701168614356,1.5744885452263186,1.5632590263957324
17.868447124853947,1.2520868113522536,1.5431497338525104,1.555282883361731
18.28535961039703,1.2621035058430718,1.5125254581521965,1.5154038511269554
18.711999635182167,1.2721202003338898,1.48259942646637,1.4920373921248458
19.148594165354506,1.2821368948247078,1.4533557185914479,1.5260682381488584
19.595375462707946,1.2921535893155258,1.4247787773099636,1.4139074330019754
20.05258120824495,1.3021702838063438,1.3968534001143573,1.3780041605299085
20.520454628619316,1.312186978297162,1.3695647311194674,1.4179662030803957
20.99924462552911,1.32220367278798,1.3428982531594231,1.3192061491047578
21.489205908128696,1.332220367278798,1.3168397800647258,1.3734602520368875
21.99059912853022,1.342237061769616,1.2913754491154181,1.2851058921350633
22.503691020466626,1.352253756260434,1.2664917136663238,1.2688296421099283
23.028754541190047,1.362270450751252,1.2421753359404353,1.2649577098549745
23.566069016681023,1.3722871452420702,1.2184133799866097,1.2553651070936798
24.115920290245707,1.3823038397328882,1.1951932047978413,1.2249833551394933
24.678600874580322,1.3923205342237062,1.1725024575864267,1.1665333837242051
25.254410107383528,1.4023372287145242,1.1503290672124709,1.139791223699021
25.84365431059962,1.4123539232053421,1.1286612377622183,1.1384657104318416
26.446646953377268,1.4223706176961604,1.107487442272802,1.111217434291074
27.06370881883038,1.4323873121869783,1.0867964166000739,1.06934591381466
27.69516817469004,1.4424040066777963,1.0665771534262416,1.0775289829486323
28.34136094793798,1.4524207011686143,1.046818896404146,1.0728354764959247
29.00263090351476,1.4624373956594323,1.02751113443504,1.0317883217680084
29.67932982719762,1.4724540901502503,1.008643596076842,1.0480815535485786
30.371817712745262,1.4824707846410685,0.9902062440798813,1.0003633373390513
31.080462953409135,1.4924874791318865,0.9721892700472322,0.9684022768592894
31.805642537913247,1.5025041736227045,0.9545830892167894,0.9569746751971957
32.5477422510065,1.5125208681135225,0.9373783353623196,0.9242524639896649
33.30715687869443,1.5225375626043405,0.9205658558107692,0.8968314133951509
34.08429041825953,1.5325542570951585,0.904136706573176,0.9149078795437972
34.87955629318178,1.5425709515859767,0.8880821475866015,0.86913823822539
35.69337757307372,1.5525876460767947,0.8723936380645488,0.8645793471337959
36.52618719874729,1.5626043405676127,0.8570628319533883,0.8551515806874194
37.37842821253185,1.5726210350584306,0.8420815734923836,0.8501888017162337
38.250553993966115,1.5826377295492486,0.8274418928749478,0.8369815115530308
39.143028500989324,1.5926544240400669,0.8131360020088237,0.8142382798795668
40.056326516759924,1.6026711185308848,0.7991562903729372,0.7605708738634891
40.99093390223321,1.6126878130217028,0.7854953209687106,0.7814383810213997
41.947347854632085,1.6227045075125208,0.7721458263636918,0.7571750884001834
42.926077171948606,1.6327212020033388,0.7591007048253869,0.7569876046940394
43.92764252361692,1.6427378964941568,0.7463530165432467,0.7648499983404344
44.952576727501686,1.652754590984975,0.7338959799367873,0.7486624127348389
46.00142503334917,1.662771285475793,0.7217229680478943,0.7256984034231863
47.074745412852145,1.672787979966611,0.7098275050153756,0.7188025603937375
48.1731088564824,1.682804674457429,0.6982032626299022,0.6722229760829502
49.29709967724922,1.692821368948247,0.6868440569674947,0.6901901459851711
50.44731582154527,1.7028380634390652,0.6757438450997668,0.6862940779765974
51.62436918724499,1.7128547579298832,0.6648967218791791,0.6531591789354655
52.82888594922542,1.7228714524207012,0.6542969167975864,0.660921470279346
54.061506892481745,1.7328881469115192,0.6439387909164149,0.6378080710209857
55.322887753015415,1.7429048414023371,0.6338168338668296,0.6496702844020122
56.61369956667596,1.7529215358931551,0.6239256609183016,0.6412149340099998
57.93462902614208,1.7629382303839733,0.6142600101140095,0.6060476134010452
59.286378846231855,1.7729549248747913,0.6048147394715598,0.6269346680870775
60.66966813773669,1.7829716193656093,0.5955848242475255,0.592754600743976
62.08523278997751,1.7929883138564273,0.5865653542643595,0.6168019852702289
63.533825862286896,1.8030050083472453,0.5777515312982523,0.5706516262894055
65.01621798462551,1.8130217028380635,0.5691386665265494,0.5700458211154417
66.53319776754563,1.8230383973288815,0.5607221780333667,0.5637106789067464
68.08557222172043,1.8330550918196995,0.5524975883720793,0.5421272632269485
69.67416718726152,1.8430717863105175,0.5444605221833873,0.5209754962102126
71.2998277730536,1.8530884808013355,0.5366067038676895,0.5258798829115641
72.96341880633987,1.8631051752921535,0.5289319553105277,0.5432079037530477
74.66582529279727,1.8731218697829717,0.5214321936598928,0.5171477599062566
76.40795288734611,1.8831385642737897,0.5141034291542084,0.5099044044799986
78.19072837594538,1.8931552587646077,0.5069417629998362,0.526165018776153
80.0151001686288,1.9031719532554257,0.49994338529697674,0.5061119091619958
81.882038804045,1.9131886477462436,0.49310457301285904,0.5017623595952944
83.79253746576953,1.9232053422370616,0.48642168800114305,0.4967514442703742
85.74761251066387,1.9332220367278798,0.47989117506647977,0.4690046281789845
87.74830400956196,1.9432387312186978,0.4735095600732007,0.4749860361712056
89.79567630057267,1.9532554257095158,0.4672734480971291,0.46902825721796104
91.89081855529163,1.9632721202003338,0.4611795216195312,0.4593478709042173
94.03484535822443,1.9732888146911518,0.45522453876224567,0.4427851662273547
96.22889729972897,1.98330550918197,0.4494053315630528,0.4546159589295682
98.47414158279238,1.993322203672788,0.4437188042903666,0.42532152569567866
100.77177264396599,2.003338898163606,0.43816193179635066,0.4278972571949973
103.12301278878753,2.013355592654424,0.43273175790758545,0.4239760999548637
105.52911284202958,2.023372287145242,0.4274253938524284,0.42302150512914416
107.99135281311972,2.03338898163606,0.42224001672423,0.43111859052214047
110.51104257708654,2.043405676126878,0.41717286797959036,0.4344509211556079
113.08952257139363,2.053422370617696,0.41222125197085485,0.4299704203447323
115.72816450903245,2.0634390651085144,0.4073825345120701,0.41559393423891483
118.42837210825286,2.0734557595993324,0.4026541414776374,0.4070802553984369
121.19158183932093,2.0834724540901504,0.39803355743291485,0.3747829359934622
124.0192636886994,2.0934891485809684,0.393518324296045,0.404636394029759
126.9129219410586,2.1035058430717863,0.3891060400302922,0.41467951473249254
129.87409597953362,2.1135225375626043,0.3847943573661947,0.38915096476297406
132.90436110465316,2.1235392320534223,0.38058098255285283,0.3828077553620656
136.005329372376,2.1335559265442403,0.3764636741376883,0.38303951408972775
139.17865045168077,2.1435726210350583,0.37244024177402485,0.3792245069374482
142.42601250216535,2.1535893155258763,0.36850854505585673,0.3697514906123268
145.7491430721226,2.1636060100166943,0.3646664923791857,0.36125853936251
149.14981001757036,2.1736227045075123,0.3609120398293186,0.3641761211865384
152.62982244272473,2.1836393989983307,0.35724319009353595,0.34499163125968957
156.19103166241592,2.1936560934891487,0.3536579913985526,0.3370146116421244
159.8353321869612,2.2036727879799667,0.3501545364722025,0.36206800744492623
163.56466273001553,2.2136894824707847,0.34673096152880006,0.3427603603911377
167.38100723993853,2.2237061769616027,0.34338544527763426,0.34953166252955026
171.2863959552255,2.2337228714524207,0.34011620795406977,0.3533347732690647
175.28290648456405,2.2437395659432386,0.3369215103727395,0.3471999778344404
179.37266491209118,2.2537562604340566,0.3337996530023244,0.32918159564922456
183.55784692843812,2.2637729549248746,0.3307489750614294,0.33343427662162173
187.84067898816562,2.2737896494156926,0.32776785363507305,0.3182127079868609
192.22343949420457,2.2838063439065106,0.32485470281132156,0.324005426216747
196.7084600099326,2.293823038397329,0.32200797283760874,0.33042861778630794
201.29812649953035,2.303839732888147,0.31922614929629184,0.31948173963097715
205.99488059728017,2.313856427378965,0.3165077522990045,0.2939457401140576
210.8012209064783,2.323873121869783,0.3138513356993796,0.2961872850165874
215.71970432865498,2.333889816360601,0.31125548632372246,0.30501803865877936
220.75294742380794,2.343906510851419,0.3087188232192243,0.31900874312236427
225.90362780237342,2.353923205342237,0.30623999691931775,0.3077641936634514
231.174485549675,2.363939899833055,0.303817688725782,0.3048907205761936
236.56832468360838,2.373956594323873,0.30145061000721685,0.2915331322512987
242.08801464633706,2.383973288814691,0.29913750151351104,0.30023258147257875
247.7364918307929,2.393989983305509,0.29687713270594246,0.2799909668975912
253.51676114279368,2.4040066777963274,0.2946683011025512,0.297186478820334
259.43189759960745,2.4140233722871454,0.29250983163843974,0.30113331670252536
265.48504796581716,2.4240400667779634,0.290400576040657,0.28446488027255085
271.67943242735197,2.4340567612687813,0.2883394122173374,0.2961562654086748
278.01834630457813,2.4440734557595993,0.2863252436607665,0.28117213814634534
284.5051618053608,2.4540901502504173,0.28435699886405824,0.28540467492764027
291.1433298190279,2.4641068447412353,0.2824336307511313,0.2814738072182897
297.93638175219246,2.4741235392320533,0.2805541161196836,0.28121248910777524
304.8879314074081,2.4841402337228713,0.27871745509686646,0.2893571715745471
312.00167690565814,2.4941569282136893,0.27692267060737075,0.28302338758878837
319.28140265370126,2.5041736227045073,0.2751688078536402,0.2705066127869411
326.7309813573194,2.5141903171953257,0.2734549338079371,0.25455261974319754
334.35437608153904,2.5242070116861437,0.27178013671598966,0.27785988132432593
342.15564235892396,2.5342237061769617,0.2701435256119556,0.2753026559367219
350.1389303470575,2.5442404006677797,0.268544229844446,0.2696554089879582
358.3084870363649,2.5542570951585977,0.26698139861335624,0.26325573480850095
366.6686585094487,2.5642737896494157,0.2654542005172582,0.2760618023944616
375.22389225314026,2.5742904841402336,0.2639618231111113,0.2521679305560748
383.97873952449663,2.5843071786310516,0.26250347247405975,0.2573559215115713
392.9378577720015,2.5943238731218696,0.2610783727870837,0.25150759675359247
402.1060131132584,2.6043405676126876,0.25968576592028136,0.2620963450932804
411.48808287049457,2.6143572621035056,0.2583249110295613,0.2553119221656217
421.0890581652239,2.624373956594324,0.25699508416253114,0.27055922289543294
430.91404657344805,2.634390651085142,0.2556955778733727,0.2558094035234966
440.96827484281306,2.64440734557596,0.25442570084649907,0.2529067348587366
451.2570916731599,2.654424040066778,0.25318477752879254,0.25680975311698445
461.7859705619533,2.664440734557596,0.25197214777022914,0.24735981769396803
472.5605127161014,2.674457429048414,0.25078716647269733,0.24399140324852214
483.58645003171415,2.684474123539232,0.24962920324682517,0.2529680311187161
494.86964814338677,2.69449081803005,0.24849764207663208,0.245459644126818
506.4161095446303,2.704507512520868,0.2473918809918285,0.2534280854494284
518.2319767811085,2.714524207011686,0.24631133174758746,0.24837283419115272
530.3235357183812,2.724540901502504,0.2452554195116193,0.245969241725558
542.6972188858915,2.7345575959933224,0.24422358255838167,0.2446415124036242
555.3596088989733,2.7445742904841404,0.2432152719702636,0.24269047229239038
568.3174419607086,2.7545909849749584,0.24222995134558314,0.24469784170026615
581.5776114454845,2.7646076794657763,0.24126709651324474,0.23887115751919175
595.1471715661671,2.7746243739565943,0.2403261952539038,0.22856400220201983
609.0333411268367,2.7846410684474123,0.23940674702749057,0.2398723937258186
623.2435073630853,2.7946577629382303,0.23850826270694736,0.23576185716919879
637.7852298719154,2.8046744574290483,0.23763026431803955,0.2294503142244535
652.666244633333,2.8146911519198663,0.23677228478510004,0.2413933988182142
667.8944681257743,2.8247078464106843,0.23593386768257285,0.23369104535385174
683.4780015375544,2.8347245409015023,0.235114566992224,0.22485631565690206
699.4251350765792,2.8447412353923207,0.2343139468658897,0.233875982022137
715.74435238061,2.8547579298831387,0.2335315813936369,0.22959210366342808
732.4443350304374,2.8647746243739567,0.23276705437721174,0.22286545095216034
749.5339671683494,2.8747913188647747,0.23201995910865625,0.23383079747028732
767.022340224364,2.8848080133555927,0.23128989815397555,0.2252153055259765
784.918757752735,2.8948247078464107,0.23057648314174,0.23471746845479036
803.2327403813039,2.9048414023372287,0.22987933455651088,0.22472147767042563
821.9740308763323,2.9148580968280466,0.2291980815369787,0.23479651049524036
841.1525993255094,2.9248747913188646,0.22853236167870802,0.23096293756968328
860.7786484418891,2.9348914858096826,0.22788182084138295,0.22850057636574422
880.8626189915823,2.9449081803005006,0.22724611296045152,0.2229520966205813
901.4151953480899,2.954924874791319,0.2266248998630688,0.23175121534276902
922.4473111762269,2.964941569282137,0.22601785108824082,0.22886316453345268
943.9701552486745,2.974958263772955,0.22542464371107374,0.22338230061028813
965.9951773982377,2.984974958263773,0.22484496217103508,0.2281087964676676
988.5340946089864,2.994991652754591,0.22427849810413594,0.21852809761454958
1011.5988972495167,3.005008347245409,0.22372495017894478,0.21656706137997087
1035.2018554516485,3.015025041736227,0.22318402393634584,0.22265080122460193
1059.3555256379534,3.025041736227045,0.22265543163295734,0.22305129504229454
1084.0727572015842,3.035058430717863,0.22213889208812623,0.22451525949818313
1109.3666993419615,3.045075125208681,0.22163413053441822,0.22199454542479255
1135.2508080599516,3.055091819699499,0.22114087847152403,0.2280001901361293
1161.7388533162584,3.065108514190317,0.22065887352350413,0.2135398464754188
1188.8449263568402,3.0751252086811354,0.22018785929929657,0.22331632288771694
1216.5834472092367,3.0851419031719534,0.21972758525641398,0.22096708524472386
1244.9691723538167,3.0951585976627713,0.21927780656775686,0.2267124806942922
1274.0172025740017,3.1051752921535893,0.21883828399147395,0.21952169368527702
1303.7429909896587,3.1151919866444073,0.2184087837437994,0.22013587182156427
1334.1623512779302,3.1252086811352253,0.2179890773748003,0.2275875939686904
1365.2914660858753,3.1352253756260433,0.21757894164696873,0.2219103452380874
1397.146895639397,3.1452420701168613,0.2171781584165938,0.22048228373813059
1429.7455865530358,3.1552587646076793,0.21678651451785141,0.2146721246152361
1463.104880845317,3.1652754590984973,0.21640380164955034,0.2171555343737949
1497.242525164446,3.1752921535893153,0.21602981626447484,0.2071055554595989
1532.1766802292627,3.1853088480801337,0.21566435946126555,0.2111153220416488
1567.925930490468,3.1953255425709517,0.2153072368787815,0.21878979560721165
1604.509294017284,3.2053422370617697,0.214958258592888,0.20539708402865683
1641.9462326147773,3.2153589315525877,0.21461723901561536,0.21511564450030762
1680.2566621772517,3.2253756260434057,0.2142839967966366,0.21437953684809993
1719.4609632832078,3.2353923205342237,0.21395835472701114,0.2160396281201009
1759.579992037507,3.2454090150250416,0.21364013964514494,0.20458020796279655
1800.6350911665097,3.2554257095158596,0.2133291823449172,0.20249813446912754
1842.6481013720872,3.2654424040066776,0.21302531748592607,0.21893443790990808
1885.641372950551,3.2754590984974956,0.21272838350580608,0.2133172145310325
1929.637777682677,3.2854757929883136,0.21243822253457167,0.21461657510418586
1974.6607210011562,3.295492487479132,0.21215468031094234,0.22072907887908674
2020.734154441926,3.30550918196995,0.21187760610060571,0.21279841583545447
2067.8825883860454,3.315525876460768,0.21160685261637632,0.20121616852842994
2116.131105098844,3.325542570951586,0.2113422759402084,0.2096933393255741
2165.505372073316,3.335559265442404,0.21108373544702302,0.2154023732571861
2216.0316556848443,3.345575959933222,0.21083109373030967,0.20858884803944028
2267.736835164522,3.35559265442404,0.2105842165294644,0.2089897155352807
2320.648416898503,3.365609348914858,0.2103429726588275,0.2071796380283186
2374.79454906099,3.375626043405676,0.21010723393838368,0.21781751573680352
2430.2040365886455,3.385642737896494,0.20987687512609066,0.2164003848273631
2486.9063565043875,3.395659432387312,0.20965177385180078,0.2001660666507318
2544.9316735987313,3.4056761268781304,0.20943181055274282,0.21940226666030738
2604.310856476998,3.4156928213689484,0.20921686841053178,0.20516809061440736
2665.07549398097,3.4257095158597664,0.2090068332896744,0.21960159376115312
2727.2579119936727,3.4357262103505843,0.20880159367754073,0.20194280419302382
2790.8911906362673,3.4457429048414023,0.20860104062577145,0.21434600084194286
2856.009181866182,3.4557595993322203,0.20840506769309236,0.2054538957554863
2922.6465274858515,3.4657762938230383,0.20821357088950818,0.20740299021893147
2990.838677571637,3.4757929883138563,0.20802644862184858,0.2126205781025096
3060.621909332743,3.4858096828046743,0.2078436016406404,0.20400028065336057
3132.033346410152,3.4958263772954923,0.20766493298828081,0.209301917654592
3205.1109786258457,3.5058430717863103,0.20749034794848675,0.2090852443743494
3279.893682192834,3.5158597662771287,0.20731975399699767,0.2134940787791199
3356.421240396705,3.5258764607679467,0.20715306075350817,0.21423074123460512
3434.73436475976,3.5358931552587647,0.20699017993480964,0.21671361807414274
3514.874716698928,3.5459098497495827,0.20683102530911904,0.2084022697550668
3596.8849296890194,3.5559265442404007,0.20667551265157555,0.20878733172418568
3680.8086319431027,3.5659432387312187,0.20652355970088543,0.20358785894406992
3766.690469622064,3.5759599332220366,0.20637508611709682,0.2024184535790313
3854.5761305856986,3.5859766277128546,0.20623001344048733,0.19941839108262605
3944.5123686979755,3.5959933222036726,0.2060882650515475,0.20492240580606275
4036.547028699395,3.6060100166944906,0.20594976613204477,0.20675504203158585
4130.72907165968,3.6160267111853086,0.2058144436271529,0.20591846761936486
4227.108601024342,3.626043405676127,0.20568222620863344,0.20863028046832022
4325.736889268946,3.636060100166945,0.20555304423905604,0.19858378902080093
4426.666405175339,3.646076794657763,0.20542682973704546,0.21432491410916554
4529.950841744237,3.656093489148581,0.20530351634354502,0.2068797809690324
4635.645144759109,3.666110183639399,0.20518303928908546,0.21079071061774857
4743.805542016517,3.676126878130217,0.20506533536205115,0.2068352928667019
4854.489573238469,3.686143572621035,0.20495034287793515,0.20045929250218006
4967.756120682689,3.696160267111853,0.20483800164957605,0.20316926179951067
5083.665440467105,3.706176961602671,0.20472825295837124,0.18784696841527315
5202.279194625213,3.716193656093489,0.20462103952646143,0.20571500345049695
5323.660483909352,3.726210350584307,0.2045163054898828,0.2041619500069675
5447.873881359374,3.7362270450751254,0.2044139963726847,0.21061292497309342
5574.985466654523,3.7462437395659434,0.20431405906201117,0.19534487492016236
5705.062861266869,3.7562604340567614,0.20421644178414647,0.2038152317651177
5838.175264434903,3.7662771285475793,0.204121094081526,0.20256259097225982
5974.393489976511,3.7762938230383973,0.20402796679071533,0.19758482773579308
6113.790003960869,3.7863105175292153,0.2039370120213605,0.19645171002670458
6256.438963259317,3.7963272120200333,0.2038481831361164,0.19785756293891688
6402.416254995702,3.8063439065108513,0.203761434731559,0.2087733940184168
6551.799536917211,3.8163606010016693,0.20367672262009034,0.20869376426783365
6704.66827870713,3.8263772954924873,0.2035940038128463,0.19626489447146156
6861.103804261535,3.8363939899833053,0.2035132365036193,0.20266493377180805
7021.189334952389,3.8464106844741233,0.20343438005380843,0.20584196553071976
7185.010033900093,3.8564273789649417,0.20335739497841385,0.20501302867594368
7352.653051278959,3.8664440734557597,0.20328224293309127,0.19556525602696312
7524.207570679851,3.8764607679465777,0.2032088867022868,0.20015224722826738
7699.764856554507,3.8864774624373957,0.20313729018847296,0.19584600422278373
7879.418302766868,3.8964941569282137,0.20306741840250989,0.20822741774983808
8063.263482277227,3.9065108514190316,0.20299923745515702,0.21617036485978103
8251.398197985623,3.9165275459098496,0.20293271454976403,0.2026797031721235
8443.922534761528,3.9265442404006676,0.20286781797617165,0.1919855701120358
8640.938912687508,3.9365609348914856,0.2028045171058556,0.20695472355461575
8842.552141545182,3.9465776293823036,0.2027427823883501,0.2106337141187986
9048.869476572469,3.9565943238731216,0.20268258534899025,0.21017511317415666
9260.000675521786,3.96661101836394,0.2026238985880147,0.203457900254282
9476.058057049499,3.976627712854758,0.20256669578107528,0.20524976849847634
9697.15656046784,3.986644407345576,0.20251095168120117,0.20299117312086115
9923.413806890872,3.996661101836394,0.2024566421222708,0.20610367500891305
10154.950161807174,4.006677796327212,0.20240374402404737,0.20716738848161895
10391.888799112494,4.01669449081803,0.2023522353988376,0.19854003278340263
10634.355766636436,4.026711185308848,0.20230209535983895,0.19933580096229192
10882.480053198018,4.036727879799666,0.20225330413124257,0.20052570963332164
11136.393657225812,4.046744574290484,0.2022058430601661,0.20104164521299975
11396.231656979138,4.056761268781302,0.20215969463049366,0.2031286997838019
11662.132282407701,4.06677796327212,0.2021148424787065,0.20776728274642656
11934.236988687848,4.076794657762938,0.20207127141179215,0.19547076463461002
12212.690531474635,4.086811352253756,0.20202896742732643,0.20666808808671708
12497.64104390967,4.096828046744574,0.20198791773582797,0.20099307105815928
12789.240115425748,4.106844741235392,0.20194811078549127,0.1874779206727028
13087.642872390166,4.11686143572621,0.20190953628941083,0.1998969552678966
13393.008060629678,4.126878130217029,0.20187218525541595,0.20049498078451944
13705.498129880796,4.136894824707847,0.20183605001864255,0.20460226416568597
14025.279320210802,4.146911519198665,0.2018011242769765,0.20477546807156646
14352.521750454878,4.156928213689483,0.2017674031295103,0.20173529403844545
14687.399508716824,4.166944908180301,0.2017348831181637,0.19762733849303657
15030.090744981337,4.176961602671119,0.20170356227262765,0.20650797548528463
15380.777765887155,4.186978297161937,0.2016734401587998,0.19825945992946026
15739.647131711472,4.196994991652755,0.20164451793089003,0.19565342056509658
16106.889755617234,4.207011686143573,0.20161679838738358,0.19838340681908354
16482.701005216102,4.217028380634391,0.20159028603106147,0.19887585092828053
16867.280806501112,4.227045075125209,0.2015649871332871,0.20098995978465542
17260.833750204318,4.237061769616027,0.20154090980278164,0.19928388626597157
17663.56920063604,4.247078464106845,0.20151806405912112,0.19968238043706127
18075.70140706355,4.257095158597663,0.20149646191120182,0.2052323265443815
18497.44961768848,4.267111853088481,0.2014761174409336,0.2054880144066891
18929.03819628363,4.277128547579299,0.20145704689243496,0.20414071923662644
19370.69674155114,4.287145242070117,0.20143926876701698,0.19988091148171247
19822.660209265585,4.297161936560935,0.20142280392425974,0.19806278245889766
20285.16903726696,4.307178631051753,0.20140767568949922,0.20024064937697222
20758.469273370018,4.317195325542571,0.2013939099680597,0.20065532367413874
21242.81270625806,4.327212020033389,0.20138153536658276,0.20561783299658576
21738.456999430764,4.3372287145242066,0.2013705833218222,0.19995989272173292
22245.66582827733,4.3472454090150245,0.2013610882372911,0.19529647906735748
22764.709020347913,4.357262103505843,0.20135308762816706,0.1971383919874438
23295.862698897676,4.367278797996661,0.2013466222748797,0.21022694171693676
23839.40942978054,4.377295492487479,0.20134173638582437,0.196647147808988
24395.63837176981,4.387312186978297,0.2013384777696663,0.1949772046234397
24964.845430386424,4.397328881469115,0.20133689801771998,0.1998688021904578
25547.33341531624,4.407345575959933,0.20133705269690896,0.21020124400950888
26143.41220150031,4.417362270450751,0.20133900155383247,0.20182443366888014
26753.398893983733,4.427378964941569,0.20134280873048702,0.20281587597955752
27377.617996610832,4.437395659432387,0.2013485429922125,0.19341257784625948
28016.401584656352,4.447412353923205,0.20135627796845243,0.19381132511807167
28670.089481484574,4.457429048414023,0.2013660924069415,0.20135415783758956
29339.029439330283,4.467445742904841,0.20137807044195183,0.19907424703652668
30023.5773242978,4.477462437395659,0.20139230187725163,0.20335416947062576
30724.097305676427,4.487479131886477,0.2014088824844479,0.19585767322354947
31440.962049673122,4.497495826377295,0.20142791431740423,0.20673075093579102
32174.552917665344,4.507512520868113,0.20144950604344106,0.20828606667344313
32925.26016907965,4.517529215358931,0.20147377329204116,0.19368225213426365
33693.48316900392,4.527545909849749,0.20150083902179655,0.20273572445044474
34479.63060064359,4.537562604340567,0.20153083390634266,0.2001240297923526
35284.12068273509,4.547579298831385,0.20156389674003447,0.2088333310168507
36107.381392031966,4.557595993322203,0.2016001748641212,0.2027383559595469
36949.85069098213,4.567612687813021,0.20163982461417715,0.2064451634106545
37811.97676071748,4.57762938230384,0.2016830117895394,0.20129845124297702
38694.218239479254,4.587646076794658,0.20172991214549263,0.20331444608000984
39597.04446660722,4.597662771285476,0.20178071190892116,0.21253979429749126
40520.93573222093,4.607679465776294,0.20183560831812444,0.21231269776226286
41466.383532726955,4.617696160267112,0.20189481018745442,0.1933322788419343
42433.89083228772,4.62771285475793,0.20195853849738968,0.2038834240090868
43423.97233039088,4.637729549248748,0.20202702701060288,0.20324570039951476
44437.15473566187,4.647746243739566,0.20210052291450845,0.19667521047371553
45473.97704606499,4.657762938230384,0.20217928749069128,0.1982974125811949
46534.99083564233,4.667779632721202,0.20226359681151615,0.20319875302027446
47620.76054794297,4.67779632721202,0.20235374246409563,0.20719001108115864
48731.863796298516,4.687813021702838,0.20245003230165354,0.20509763878453627
49868.891671104815,4.697829716193656,0.20255279122215414,0.20043239523836673
51032.44905427325,4.707846410684474,0.20266236197387655,0.19728590425300077
52223.15494101893,4.717863105175292,0.2027791059873936,0.19216721344559753
53441.6427691569,4.72787979966611,0.20290340423316058,0.2107152400847958
54688.56075608165,4.737896494156928,0.20303565810363247,0.20020967648724008
55964.57224360916,4.747913188647746,0.2031762903185015,0.19881088958999502
57270.35605086481,4.757929883138564,0.2033257458512769,0.2050419533417047
58606.60683540511,4.767946577629382,0.20348449287501433,0.20304753307626583
59974.035462765154,4.7779632721202,0.2036530237245358,0.20356821142840326
61373.36938462851,4.787979966611018,0.20383185587196107,0.20718065769667104
62805.35302582084,4.797996661101837,0.20402153291179134,0.20154156122449754
64270.74818033231,4.808013355592655,0.20422262555114531,0.19882251726046313
65770.33441658139,4.818030050083473,0.20443573260003586,0.20370722876909655
67304.9094921332,4.828046744574291,0.20466148195579614,0.2049970551163015
68875.28977809474,4.838063439065109,0.20490053157490487,0.19932501469977845
70482.31069341223,4.848080133555927,0.20515357042452664,0.1994855280192738
72126.82714930152,4.858096828046745,0.20542131940506214,0.20004245092707384
73809.7140040481,4.868113522537563,0.20570453223390192,0.20989998524814008
75531.86652841877,4.878130217028381,0.20600399627938568,0.21313385587353975
77294.20088193235,4.888146911519199,0.2063205333326936,0.21288916178925116
79097.65460024284,4.898163606010017,0.20665500030403283,0.20193746275781105
80943.1870938945,4.908180300500835,0.2070082898280359,0.20341824035862358
82831.78015871404,4.918196994991653,0.20738133076176357,0.20075956280500243
84764.43849811125,4.928213689482471,0.20777508855710847,0.21731532714831406
86742.19025756638,4.938230383973289,0.20819056548773687,0.20567027631992862
88766.08757158817,4.948247078464107,0.2086288007090024,0.2084329632947362
90837.20712343382,4.958263772954925,0.20909087012752783,0.2066030405730873
92956.65071788839,4.968280467445743,0.20957788605540764,0.2104554217327296
95125.54586740861,4.978297161936561,0.21009099662225686,0.20458336215407516
97345.04639194271,4.988313856427379,0.2106313849166573,0.20736462473426362
99616.33303274545,4.998330550918197,0.21120026782696488,0.2063843125155495
101940.6140805149,5.0083472454090145,0.21179889454999093,0.19927548085309119
104319.12601818537,5.018363939899833,0.21242854473480585,0.21377994111663684
106753.13417871702,5.028380634390651,0.2130905262278947,0.2170221182979317
109243.93341823551,5.038397328881469,0.21378617238519132,0.21897036161089506
111792.84880487525,5.048414023372287,0.21451683891620182,0.22287796317326852
114401.23632369623,5.058430717863105,0.21528390022558624,0.22039546703124419
117070.48359804788,5.068447412353923,0.216088745218284,0.2156983888792084
119802.010627764,5.078464106844741,0.2169327725356435,0.21987749210789853
122597.27054458161,5.088480801335559,0.21781738519214588,0.2149251678130872
125457.75038518534,5.098497495826377,0.2187439845853024,0.22307871425724665
128384.97188228887,5.108514190317195,0.21971396385525385,0.2181358576634445
131380.4922741741,5.118530884808013,0.22072870057561417,0.20789849276529734
134445.90513311868,5.128547579298831,0.2217895487632634,0.22161462177811267
137582.84121315283,5.138564273789649,0.22289783020220108,0.22323891515660493
140792.9693175962,5.148580968280467,0.22405482508527286,0.21747265154519427
144077.99718683632,5.158597662771285,0.22526176198763584,0.22793208216554048
147439.67240682125,5.168614357262103,0.226519807197238,0.23324174387064095
150879.78333874908,5.178631051752921,0.22783005344033808,0.22124519432641046
154400.1600704497,5.188647746243739,0.2291935080541207,0.23352503621725498
158002.67538996413,5.198664440734557,0.2306110806736535,0.2356117943256172
161689.24578183997,5.208681135225375,0.23208357051662273,0.22656935448584367
165461.83244667266,5.218697829716193,0.23361165336624046,0.23102385720782168
169322.442344435,5.228714524207011,0.23519586837014572,0.22876796396381496
173273.12926214997,5.238731218697829,0.23683660479066287,0.23341008188340281
177315.99490647533,5.248747913188648,0.2385340888589999,0.23823589047210655
181453.1900217787,5.258764607679466,0.24028837090237878,0.2472940895472974
185686.91553430376,5.268781302170284,0.2420993129281369,0.2382322802076304
190019.423723029,5.278797996661102,0.24396657686192058,0.23448437087199242
194453.01941784675,5.28881469115192,0.24588961364759623,0.22655990209269367
198990.06122569848,5.298831385642738,0.24786765342377737,0.24371924180580723
203632.9627853186,5.308848080133556,0.24989969699529146,0.24169392058368958
208384.19405125448,5.318864774624374,0.2519845088169018,0.25315357129665017
213246.2826078452,5.328881469115192,0.25412061170063643,0.25557804953629437
218221.81501385916,5.33889816360601,0.25630628344675327,0.2461376917867841
223313.43817850464,5.348914858096828,0.25853955558139713,0.2608811953064311
228523.86076954618,5.358931552587646,0.26081821436127406,0.2594385503136229
233855.85465427555,5.368948247078464,0.2631398041772425,0.26147419814971357
239312.25637410386,5.378964941569282,0.2655016334548904,0.26204624019329686
244895.9686535594,5.3889816360601,0.2679007831114256,0.274333134546121
250609.96194449396,5.398998330550918,0.27033411758528736,0.27435246386254425
256457.27600631895,5.409015025041736,0.27279829840872316,0.27407510220690007
262441.02152311214,5.419031719532554,0.27528980024530586,0.2832107531412
268564.3817584554,5.429048414023372,0.277804929265285,0.27804611714800953
274830.6142488835,5.43906510851419,0.28033984368318393,0.28131181156367274
281243.0525368452,5.449081803005008,0.28289057623564884,0.2866763821043282
287805.10794409795,5.459098497495826,0.28545305833470314,0.283523333960342
294520.27138648124,5.469115191986645,0.28802314559368153,0.2793679527147815
301392.1152310292,5.479131886477463,0.29059664439149346,0.30340063826852526
308424.29519642063,5.489148580968281,0.2931693391166162,0.3000809250467509
315620.5522977641,5.499165275459099,0.2957370197161737,0.2861296689569899
322984.7148367634,5.509181969949917,0.29829550916822983,0.29096332686996884
330520.70043831674,5.519198664440735,0.30084069049724355,0.2928259345299319
338232.51813463506,5.529215358931553,0.303368532963454,0.29181274926800266
346124.27049798745,5.539232053422371,0.3058751170763822,0.3086438778023844
354200.15582320874,5.549248747913189,0.3083566581099697,0.31993647753922877
362464.47036112944,5.559265442404007,0.31080952783115023,0.313817677140709
370921.61060411786,5.569282136894825,0.313230274193693,0.3254397854292807
379576.07562494813,5.579298831385643,0.31561563879360816,0.312315241574059
388432.4694702402,5.589315525876461,0.3179625719298233,0.3200527778785383
397495.50360974413,5.599332220367279,0.32026824516273955,0.3128491608312381
406769.9994427719,5.609348914858097,0.32253006131219225,0.3227033259121549
416260.89086311,5.619365609348915,0.3247456618839152,0.33346573701106635
425973.22688377765,5.629382303839733,0.3269129319585925,0.33274456105063827
435912.17432302644,5.639398998330551,0.3290300026189281,0.33742300819710663
446083.02055301104,5.649415692821369,0.331095251027005,0.32772040200371855
456491.1763125921,5.659432387312187,0.3331072982959167,0.3407075303837234
467142.17858576926,5.6694490818030046,0.3350650053258152,0.34721286693077996
478041.69354727387,5.6794657762938225,0.33696746679493295,0.3417150066018672
489195.519576891,5.689482470784641,0.33881400351082147,0.32703934725883504
500609.59034410684,5.699499165275459,0.34060415333617544,0.3430082299241726
512289.9779647389,5.709515859766277,0.3423376609075328,0.34442826348677
524242.896231207,5.719532554257095,0.3440144663642981,0.338234386204186
536474.7039181797,5.729549248747913,0.3456346933004976,0.33672776699081436
548991.9081653474,5.739565943238731,0.3471986361430271,0.34014746915977423
561801.1679391243,5.749582637729549,0.34870674714853533,0.35872246971790867
574909.297575119,5.759599332220367,0.3501596231971445,0.35132390788375434
588323.2704032601,5.769616026711185,0.35155799254554254,0.3662435639480121
602050.2224575036,5.779632721202003,0.35290270168518756,0.33704871328695374
616097.4562720967,5.789649415692821,0.35419470243395834,0.357935798034435
630472.4447664181,5.799666110183639,0.3554350393720406,0.369653901707326
645182.835220459,5.809682804674457,0.3566248377155618,0.37295281291563137
660236.4533430629,5.819699499165275,0.35776529170480487,0.3529432846690333
675641.3074350858,5.829716193656093,0.3588576535680177,0.3731342584263364
691405.5926496935,5.839732888146911,0.359903223107096,0.3697461050336267
707537.695352061,5.849749582637729,0.36090333793788854,0.3715711153947542
724046.1975807939,5.859766277128547,0.3618593644056568,0.3637961640681127
740939.8816134452,5.869782971619365,0.3627726891853571,0.37193419638251757
758227.7346385568,5.879799666110183,0.3636447115669037,0.37196435815857176
775918.9535367094,5.889816360601001,0.3644768364173996,0.35898787123062137
794022.9497731264,5.899833055091819,0.36527046780542205,0.3405967246268052
812549.354404435,5.909849749582638,0.3660270032667584,0.3764775254942908
831508.0232022388,5.919866444073456,0.36674782868641403,0.3765271647420016
850909.0418962507,5.929883138564274,0.3674343137681635,0.37434686024477803
870762.7315397452,5.939899833055092,0.3680878080602823,0.3644597656127916
891079.6540002066,5.94991652754591,0.36870963750428365,0.36506027289537424
911870.6175780854,5.959933222036728,0.3693011014723847,0.3548665318290019
933146.6827566528,5.969949916527546,0.3698634702589475,0.38496922813482776
954919.1680860141,5.979966611018364,0.3703979829911793,0.36972218470006046
977199.6562044085,5.989983305509182,0.3709058459248614,0.3788464269993444
1000000.0,6.0,0.37138823109171004,0.3682809368486086
